{"initial_reset_timestamp": 1577983904.971749, "timestamps": [1577983914.563875, 1577983919.28585, 1577983919.726712, 1577983920.037872, 1577983920.345531, 1577983920.67445, 1577983921.018523, 1577983921.357864, 1577983925.913621, 1577983926.3644469, 1577983926.678931, 1577983926.989763, 1577983927.452632, 1577983927.920377, 1577983928.332928, 1577983928.681831, 1577983929.019093, 1577983929.348025, 1577983929.6758459, 1577983929.984833, 1577983930.3151832, 1577983930.64143, 1577983930.967382, 1577983931.289552, 1577983931.635193, 1577983931.9467049, 1577983932.247124, 1577983936.884054, 1577983937.3138108, 1577983937.6150029, 1577983937.925387, 1577983938.2324321, 1577983938.597246, 1577983938.9789162, 1577983939.3417401, 1577983939.792758, 1577983940.158968, 1577983940.496341, 1577983940.817764, 1577983941.115432, 1577983941.414214, 1577983941.715652, 1577983942.021524, 1577983942.3316538, 1577983942.631325, 1577983942.933928, 1577983943.2404978, 1577983943.559503, 1577983943.8957582, 1577983944.227413, 1577983944.5538309, 1577983944.863484, 1577983945.1771781, 1577983945.475183, 1577983945.786816, 1577983946.104692, 1577983946.417821, 1577983946.7251022, 1577983947.0655549, 1577983947.423498, 1577983947.776635, 1577983948.1380212, 1577983948.4974542, 1577983948.940091, 1577983953.772625, 1577983954.22118, 1577983954.529762, 1577983954.8328168, 1577983955.295511, 1577983955.617918, 1577983955.95475, 1577983956.291084, 1577983956.608494, 1577983956.912121, 1577983957.246888, 1577983957.5546381, 1577983957.855384, 1577983958.154617, 1577983958.453174, 1577983958.757087, 1577983959.055681, 1577983959.3564339, 1577983959.656885, 1577983959.955059, 1577983960.284124, 1577983960.644346, 1577983960.946653, 1577983961.249423, 1577983961.5659719, 1577983961.878921, 1577983962.1839292, 1577983962.481576, 1577983962.777071, 1577983963.0747461, 1577983963.3932621, 1577983963.721008, 1577983964.047316, 1577983964.425507, 1577983964.8152661, 1577983965.1316109], "episode_lengths": [200, 200, 200, 200, 200, 200, 200, 200, 200, 200, 200, 200, 200, 200, 200, 200, 200, 200, 200, 200, 200, 200, 200, 200, 200, 200, 200, 200, 200, 200, 200, 200, 200, 200, 200, 200, 200, 200, 200, 200, 200, 200, 200, 200, 200, 200, 200, 200, 200, 200, 200, 200, 200, 200, 200, 200, 200, 200, 200, 200, 200, 200, 200, 200, 200, 200, 200, 200, 200, 200, 200, 200, 200, 200, 200, 200, 200, 200, 200, 200, 200, 200, 200, 200, 200, 200, 200, 200, 200, 200, 200, 200, 200, 200, 200, 200, 200, 200, 200, 200], "episode_rewards": [200.0, 200.0, 200.0, 200.0, 200.0, 200.0, 200.0, 200.0, 200.0, 200.0, 200.0, 200.0, 200.0, 200.0, 200.0, 200.0, 200.0, 200.0, 200.0, 200.0, 200.0, 200.0, 200.0, 200.0, 200.0, 200.0, 200.0, 200.0, 200.0, 200.0, 200.0, 200.0, 200.0, 200.0, 200.0, 200.0, 200.0, 200.0, 200.0, 200.0, 200.0, 200.0, 200.0, 200.0, 200.0, 200.0, 200.0, 200.0, 200.0, 200.0, 200.0, 200.0, 200.0, 200.0, 200.0, 200.0, 200.0, 200.0, 200.0, 200.0, 200.0, 200.0, 200.0, 200.0, 200.0, 200.0, 200.0, 200.0, 200.0, 200.0, 200.0, 200.0, 200.0, 200.0, 200.0, 200.0, 200.0, 200.0, 200.0, 200.0, 200.0, 200.0, 200.0, 200.0, 200.0, 200.0, 200.0, 200.0, 200.0, 200.0, 200.0, 200.0, 200.0, 200.0, 200.0, 200.0, 200.0, 200.0, 200.0, 200.0], "episode_types": ["t", "t", "t", "t", "t", "t", "t", "t", "t", "t", "t", "t", "t", "t", "t", "t", "t", "t", "t", "t", "t", "t", "t", "t", "t", "t", "t", "t", "t", "t", "t", "t", "t", "t", "t", "t", "t", "t", "t", "t", "t", "t", "t", "t", "t", "t", "t", "t", "t", "t", "t", "t", "t", "t", "t", "t", "t", "t", "t", "t", "t", "t", "t", "t", "t", "t", "t", "t", "t", "t", "t", "t", "t", "t", "t", "t", "t", "t", "t", "t", "t", "t", "t", "t", "t", "t", "t", "t", "t", "t", "t", "t", "t", "t", "t", "t", "t", "t", "t", "t"]}