{"initial_reset_timestamp": 1578713927.041729, "timestamps": [1578713943.747875, 1578713967.3555999, 1578713984.2807271, 1578714001.454713, 1578714020.121922, 1578714039.7726562, 1578714053.438868, 1578714069.489912, 1578714084.5097752, 1578714099.636833, 1578714115.737963, 1578714131.2953181, 1578714146.1450849, 1578714165.163574, 1578714186.418787, 1578714201.8714821, 1578714218.877321, 1578714231.881599, 1578714246.165898, 1578714267.121252], "episode_lengths": [2774, 3930, 3111, 3150, 3426, 3612, 2510, 2948, 2501, 2778, 2961, 2853, 2726, 3485, 3894, 2842, 3123, 2389, 2628, 3804], "episode_rewards": [214.0, 288.0, 212.0, 262.0, 242.0, 250.0, 162.0, 234.0, 178.0, 184.0, 194.0, 176.0, 200.0, 276.0, 304.0, 200.0, 214.0, 178.0, 232.0, 294.0], "episode_types": ["t", "t", "t", "t", "t", "t", "t", "t", "t", "t", "t", "t", "t", "t", "t", "t", "t", "t", "t", "t"]}