{"initial_reset_timestamp": 1578723471.229383, "timestamps": [1578723482.043234, 1578723496.0556421, 1578723510.751209, 1578723521.403643, 1578723532.701472, 1578723542.3084621, 1578723548.805529, 1578723557.017494, 1578723564.955798, 1578723572.923226, 1578723583.2892008, 1578723593.729293, 1578723611.309173, 1578723619.290632, 1578723631.1526852, 1578723644.139169, 1578723652.531308, 1578723663.776178, 1578723676.484098, 1578723684.946508], "episode_lengths": [1765, 2282, 2706, 1963, 2076, 1768, 1194, 1516, 1299, 1464, 1906, 1919, 3248, 1472, 2182, 2384, 1547, 2056, 2346, 1560], "episode_rewards": [116.0, 170.0, 202.0, 138.0, 144.0, 130.0, 66.0, 80.0, 66.0, 80.0, 142.0, 152.0, 274.0, 78.0, 164.0, 178.0, 94.0, 134.0, 192.0, 100.0], "episode_types": ["t", "t", "t", "t", "t", "t", "t", "t", "t", "t", "t", "t", "t", "t", "t", "t", "t", "t", "t", "t"]}